parent,child
Agriculture and Food,
Agriculture and Food,Agriculture
Agriculture and Food,Food Security
Agriculture and Food,Agribusiness
Agriculture and Food,Sustainable Farming

Democracy and Governance,
Democracy and Governance,Elections
Democracy and Governance,Political Parties
Democracy and Governance,Constitutional Issues
Democracy and Governance,Anti-Corruption
Democracy and Governance,Public Administration
Democracy and Governance,Local Government
Democracy and Governance,Transparency
Democracy and Governance,Accountability

Economy and Finance,
Economy and Finance,Economic Growth
Economy and Finance,Inflation
Economy and Finance,Taxation
Economy and Finance,Budget
Economy and Finance,Trade
Economy and Finance,Competition
Economy and Finance,Industrial Policy
Economy and Finance,Poverty
Economy and Finance,Inequality

Education,
Education,Early Childhood Development
Education,Primary Education
Education,Secondary Education
Education,Higher Education
Education,Vocational Training
Education,Lifelong Learning

Energy,
Energy,Electricity
Energy,Renewable Energy
Energy,Fossil Fuels
Energy,Energy Security
Energy,Energy Efficiency

Environment and Climate,
Environment and Climate,Climate Change
Environment and Climate,Biodiversity
Environment and Climate,Forestry
Environment and Climate,Fisheries
Environment and Climate,Conservation
Environment and Climate,Pollution
Environment and Climate,Waste Management

Health,
Health,Primary Healthcare
Health,Public Health
Health,Mental Health
Health,Hospitals
Health,Healthcare Funding
Health,Disease Prevention

Human Rights and Equality,
Human Rights and Equality,Women's Rights
Human Rights and Equality,Youth Issues
Human Rights and Equality,Disability Rights
Human Rights and Equality,LGBTQ+ Issues
Human Rights and Equality,Minority Rights
Human Rights and Equality,Freedom of Expression
Human Rights and Equality,Human Rights Law

Housing and Human Settlements,
Housing and Human Settlements,Affordable Housing
Housing and Human Settlements,Informal Settlements
Housing and Human Settlements,Urban Development
Housing and Human Settlements,Land Use Planning
Housing and Human Settlements,Property Rights

Infrastructure and Public Services,
Infrastructure and Public Services,Public Infrastructure
Infrastructure and Public Services,Municipal Services
Infrastructure and Public Services,Public Works
Infrastructure and Public Services,Service Delivery
Infrastructure and Public Services,Digital Infrastructure

International Relations,
International Relations,Foreign Policy
International Relations,Diplomacy
International Relations,Regional Cooperation
International Relations,International Trade
International Relations,Global Governance

Justice and Crime,
Justice and Crime,Police
Justice and Crime,Courts
Justice and Crime,Prisons
Justice and Crime,Gender-Based Violence
Justice and Crime,Organized Crime
Justice and Crime,Community Safety

Labour and Employment,
Labour and Employment,Employment Creation
Labour and Employment,Workers' Rights
Labour and Employment,Labour Relations
Labour and Employment,Unemployment
Labour and Employment,Skills Development

Land and Rural Development,
Land and Rural Development,Land Reform
Land and Rural Development,Rural Development
Land and Rural Development,Traditional Land Rights
Land and Rural Development,Agrarian Reform

Science and Technology,
Science and Technology,Artificial Intelligence
Science and Technology,Digital Technologies
Science and Technology,Telecommunications
Science and Technology,Innovation
Science and Technology,Research
Science and Technology,Cybersecurity
Science and Technology,Open Data

Security and Defence,
Security and Defence,National Defence
Security and Defence,Border Security
Security and Defence,National Security
Security and Defence,Peacekeeping
Security and Defence,Military Veterans

Social Development,
Social Development,Social Welfare
Social Development,Child Protection
Social Development,Elderly Care
Social Development,Substance Abuse
Social Development,Social Grants

Transport and Mobility,
Transport and Mobility,Public Transport
Transport and Mobility,Road Transport
Transport and Mobility,Rail Transport
Transport and Mobility,Aviation
Transport and Mobility,Maritime Transport
Transport and Mobility,Active Mobility

Water and Sanitation,
Water and Sanitation,Water Supply
Water and Sanitation,Water Quality
Water and Sanitation,Water Conservation
Water and Sanitation,Sanitation Services

Culture, Heritage and Sport,
Culture, Heritage and Sport,Arts and Culture
Culture, Heritage and Sport,Cultural Heritage
Culture, Heritage and Sport,Languages
Culture, Heritage and Sport,Sport
Culture, Heritage and Sport,Recreation

Community and Civic Life,
Community and Civic Life,Community Organizations
Community and Civic Life,Volunteering
Community and Civic Life,Social Cohesion
Community and Civic Life,Civic Participation
Community and Civic Life,Local Initiatives
Community and Civic Life,Public Spaces
